model_nr,model_type,rmse_cv,mae_cv,mae,mae/mean
1,OLS,361.767807856122,248.561956020638,250.419282518933,0.14167067355818
2,OLS,476.454158254369,332.994244324238,335.637609180576,0.190875473929892
3,OLS,373.124432921429,257.987548315347,256.503677625495,0.145816215724161
4,OLS,361.58807189137,249.055425697237,249.163974898947,0.14147093051037
5,OLS,359.996769304887,247.69375254515,244.550518426452,0.138650613318973
