model_nr,model_type,oob_rmse,oob_mse,mae,mae/mean,time
1,RF,319.095012341626,101821.626901302,213.69198728863,0.120892798144957,96.7845811486244
2,RF,396.604836442577,157295.396289643,270.325235898382,0.153180056144683,1.13004144827525
3,RF,339.577958638368,115313.189993001,229.53179776317,0.129992088679417,7.47476233243942
4,RF,318.940394234566,101722.975074501,215.118642206868,0.122531618948207,8.84529348214467
5,RF,319.675726598118,102192.570176035,208.823997677842,0.118399172860067,10.5080451170603
